{
    "centroid": {
        "x": -2049705.8690534586,
        "y": 676684.6789411698,
        "z": 382.05912392538363
    }
}