{
    "centroid": {
        "x": -332631.47724155226,
        "y": -1073731.6587035179,
        "z": 1035.7077997294637
    }
}