{
    "centroid": {
        "x": -50854.523990487505,
        "y": -2253356.340696926,
        "z": -114.13325244869556
    }
}